id,cat,group,kind,name,w,h,price,producer,chambers,mm,colour,uf,stock,images
fereastra-pvc-4-camere-alb-56x56-cm,windows,ferestre,window,Fereastra pvc 4 camere alb 56x56 cm,56,56,275,Klass Profile,4,60,Alb,1.84,in,images/df8f30cd90.jpg~right|images/13576c666b.jpg~left|images/aa29a38164.jpg~right~mesh|images/b626e1bea1.jpg~left~mesh
fereastra-pvc-4-camere-alb-56x86-cm,windows,ferestre,window,Fereastra pvc 4 camere alb 56x86 cm,56,86,299,Klass Profile,4,60,Alb,1.79,in,images/42341a2b13.jpg~left|images/6980fd3adb.jpg~right|images/2de140c481.jpg~right~mesh|images/f65035a33e.jpg~left~mesh
fereastra-pvc-4-camere-pivnita-alb-60x50-cm,windows,ferestre,window,Fereastra pvc 4 camere pivnita alb 60x50 cm,60,50,325,Klass Profile,4,60,Alb,1.84,in,images/ba55428d28.jpg|images/07c9667652.jpg
fereastra-pvc-4-camere-alb-71x116-cm,windows,ferestre,window,Fereastra pvc 4 camere alb 71x116 cm,71,116,350,Klass Profile,4,60,Alb,1.71,in,images/afec902bae.jpg~right|images/14da3bf35d.jpg~right~mesh|images/125240a561.jpg~left|images/bed42022f8.jpg~left~mesh
fereastra-pvc-4-camere-pivnita-alb-86x50-cm,windows,ferestre,window,Fereastra pvc 4 camere pivnita alb 86x50 cm,86,50,365,Klass Profile,4,60,Alb,1.82,in,images/6539a90c14.jpg|images/48f2f4bf77.jpg
fereastra-pvc-4-camere-pivnita-alb-96x50-cm,windows,ferestre,window,Fereastra pvc 4 camere pivnita alb 96x50 cm,96,50,389,Klass Profile,4,60,Alb,1.81,in,images/5500146e52.jpg|images/67739b4aff.jpg
fereastra-pvc-4-camere-alb-86x116-cm,windows,ferestre,window,Fereastra pvc 4 camere alb 86x116 cm,86,116,395,Klass Profile,4,60,Alb,1.67,in,images/636b3f4fd5.jpg~right|images/5bfd931a8a.jpg~right~mesh|images/46f946b6ff.jpg~left|images/7489f58f23.jpg~left~mesh
fereastra-pvc-4-camere-pivnita-alb-100x50-cm,windows,ferestre,window,Fereastra pvc 4 camere pivnita alb 100x50 cm,100,50,399,Klass Profile,4,60,Alb,1.81,in,images/75ff26e281.jpg|images/0e6c021b55.jpg
fereastra-pvc-4-camere-alb-116x116-cm,windows,ferestre-duble,window,Fereastra pvc 4 camere alb 116x116 cm,116,116,570,Klass Profile,4,60,Alb,1.68,in,images/d1123fef3b.jpg~right|images/a9bd47d0f7.jpg~left|images/4f764a47a3.jpg~right~mesh|images/e4d6c0a5cf.jpg~left~mesh
fereastra-pvc-4-camere-alb-146x116-cm,windows,ferestre-duble,window,Fereastra pvc 4 camere alb 146x116 cm,146,116,595,Klass Profile,4,60,Alb,1.64,in,images/813feba501.jpg~right|images/c1f6dc4ca2.jpg~right~mesh|images/21f9ae003e.jpg~left|images/36fe6e5b96.jpg~left~mesh
garnitura-cuplaj,accessories,oferte,part,Garnitura/cuplaj,0,0,75,,,,,,in,images/cee9f5fb56.jpg|images/aa1cd5d798.jpg|images/bb1da2c90e.jpg
usa-exterior-alba-cu-panel-88x198-cm-cu-prag-pvc,doors,usi-interior-exterior-pvc,door,Usa exterior alba cu panel 88x198 cm cu prag pvc,88,198,910,,3,60,Alb,1.42,in,images/ca50815a8d.jpg~right
usa-exterior-alba-cu-geam-78x188-cm-cu-prag-pvc,doors,usi-interior-exterior-pvc,door,Usa exterior alba cu geam 78x188 cm cu prag pvc,78,188,910,,3,60,Alb,1.58,in,images/168bae802c.jpg~right
usa-exterior-alba-cu-panel-88x198-cm-cu-prag-aluminiu,doors,usi-interior-exterior-pvc,door,Usa exterior alba cu panel 88x198 cm cu prag aluminiu,88,198,910,,3,60,Alb,1.42,in,images/3160a20d2b.jpg~right
usa-exterior-alba-geam-ornamental-mare-87x197-cm-cu-prag-aluminiu-clone,doors,usi-interior-exterior-pvc,door,Usa exterior alba cu geam 78x188 cm cu prag aluminiu,78,188,910,,3,60,Alb,1.59,in,images/40e17c374d.jpg~right
usa-exterior-alba-geam-ornamental-mic-77x202-cm-cu-prag-aluminiu,doors,usi-interior-exterior-pvc,door,Usa exterior alba geam ornamental mic 77x202 cm cu prag aluminiu,77,202,910,Weiss profil,3,60,Alb,1.53,in,images/fbaf12eddf.jpg~right
usa-exterior-alba-geam-ornamental-mic-67x202-cm-cu-prag-aluminiu,doors,usi-interior-exterior-pvc,door,Usa exterior alba geam ornamental mic 67x202 cm cu prag aluminiu,67,202,910,Weiss profil,3,60,Alb,1.56,in,images/329e7f9fdc.jpg~right
usa-exterior-alba-cu-panel-98x198-cm-cu-prag-pvc,doors,usi-interior-exterior-pvc,door,Usa exterior alba cu panel 98x198 cm cu prag pvc,98,198,915,,3,60,Alb,1.40,in,images/b75e14d330.jpg~right
usa-exterior-alba-cu-panel-98x198-cm-cu-prag-aluminiu,doors,usi-interior-exterior-pvc,door,Usa exterior alba cu panel 98x198 cm cu prag aluminiu,98,198,915,,3,60,Alb,1.40,in,images/be0f85ce3c.jpg~right
usa-exterior-alba-geam-ornamental-mare-67x202-cm-cu-prag-aluminiu,doors,usi-interior-exterior-pvc,door,Usa exterior alba geam ornamental mare 67x202 cm cu prag aluminiu,67,202,920,Weiss profil,3,60,Alb,1.59,in,images/ae12d80aa8.jpg~right
usa-exterior-alba-cu-panel-78x188-cm-cu-prag-pvc,doors,usi-interior-exterior-pvc,door,Usa exterior alba cu panel 78x188 cm cu prag pvc,78,188,945,,3,60,Alb,1.45,in,images/878d59dd9b.jpg~right
usa-exterior-alba-cu-geam-88x198-cm-cu-prag-pvc,doors,usi-interior-exterior-pvc,door,Usa exterior alba cu geam 88x198 cm cu prag pvc,88,198,945,,3,60,Alb,1.56,in,images/d649bc6fd7.jpg~right
usa-exterior-alba-cu-panel-78x188-cm-cu-prag-aluminiu,doors,usi-interior-exterior-pvc,door,Usa exterior alba cu panel 78x188 cm cu prag aluminiu,78,188,945,,3,60,Alb,1.45,in,images/c19e9e03b1.jpg~right
usa-exterior-alba-cu-geam-88x198-cm-cu-prag-aluminiu,doors,usi-interior-exterior-pvc,door,Usa exterior alba cu geam 88x198 cm cu prag aluminiu,88,198,945,,3,60,Alb,1.56,in,images/e08b4007c3.jpg~right
usa-exterior-alba-geam-ornamental-mic-87x197-cm-cu-prag-aluminiu,doors,usi-interior-exterior-pvc,door,Usa exterior alba geam ornamental mic 87x197 cm cu prag aluminiu,87,197,950,Weiss profil,3,60,Alb,1.51,in,images/80e18129d2.jpg~right
usa-exterior-alba-geam-ornamental-mare-77x202-cm-cu-prag-aluminiu,doors,usi-interior-exterior-pvc,door,Usa exterior alba geam ornamental mare 77x202 cm cu prag aluminiu,77,202,950,Weiss profil,3,60,Alb,1.53,in,images/ff825f0b6a.jpg~right
usa-exterior-alba-geam-ornamental-mic-87x197-cm-prag-pvc,doors,usi-interior-exterior-pvc,door,Usa exterior alba geam ornamental mic 87x197 cm prag pvc,87,197,950,Weiss profil,3,60,Alb,1.51,in,images/0bb52d1bba.jpg~right
usa-exterior-alba-geam-ornamental-mare-87x197-cm-prag-pvc,doors,usi-interior-exterior-pvc,door,Usa exterior alba geam ornamental mare 87x197 cm prag pvc,87,197,955,Weiss profil,3,60,Alb,1.54,in,images/89c36dbb76.jpg~right
usa-exterior-alba-geam-ornamental-mare-87x197-cm-cu-prag-aluminiu,doors,usi-interior-exterior-pvc,door,Usa exterior alba geam ornamental mare 87x197 cm cu prag aluminiu,87,197,955,Weiss profil,3,60,Alb,1.54,in,images/12c72f400b.jpg~right
usa-exterior-alba-geam-ornamental-mic-97x197-cm-prag-pvc,doors,usi-interior-exterior-pvc,door,Usa exterior alba geam ornamental mic 97x197 cm prag pvc,97,197,999,Weiss profil,3,60,Alb,1.49,in,images/aa6c7e0f8f.jpg~right
usa-exterior-alba-geam-ornamental-mic-97x197-cm-cu-prag-aluminiu,doors,usi-interior-exterior-pvc,door,Usa exterior alba geam ornamental mic 97x197 cm cu prag aluminiu,97,197,999,Weiss profil,3,60,Alb,1.49,in,images/ad9549de0c.jpg~right
usa-exterior-alba-geam-ornamental-mare-97x197-cm-prag-pvc,doors,usi-interior-exterior-pvc,door,Usa exterior alba geam ornamental mare 97x197 cm prag pvc,97,197,1045,Weiss profil,3,60,Alb,1.52,in,images/1b733a8e49.jpg~right
usa-exterior-alba-geam-ornamental-mare-97x197-cm-cu-prag-aluminiu,doors,usi-interior-exterior-pvc,door,Usa exterior alba geam ornamental mare 97x197 cm cu prag aluminiu,97,197,1045,Weiss profil,3,60,Alb,1.52,in,images/9e006eee7a.jpg~right
usa-exterior-alba-cu-geam-98x198-cm-cu-prag-pvc,doors,usi-interior-exterior-pvc,door,Usa exterior alba cu geam 98x198 cm cu prag pvc,98,198,1055,,3,60,Alb,1.55,in,images/80208ec772.jpg~right
usa-exterior-alba-cu-geam-98x198-cm-cu-prag-aluminiu,doors,usi-interior-exterior-pvc,door,Usa exterior alba cu geam 98x198 cm cu prag aluminiu,98,198,1055,,3,60,Alb,1.55,in,images/bfd659afda.jpg~right
usa-exterior-nuc-geam-ornamental-mare-77x202-cm-cu-prag-aluminiu,doors,usi-interior-exterior-pvc,door,Usa exterior nuc geam ornamental mare 77x202 cm cu prag aluminiu,77,202,1199,,3,60,Nuc,1.56,in,images/8c9f9fb49b.jpg~right
usa-exterior-nuc-geam-ornamental-mare-87x202-cm-cu-prag-aluminiu,doors,usi-interior-exterior-pvc,door,Usa exterior nuc geam ornamental mare 87x202 cm cu prag aluminiu,87,202,1345,,3,60,Nuc,1.54,in,images/21fd3985a3.jpg~right
usa-exterior-nuc-geam-ornamental-mic-87x202-cm-cu-prag-aluminiu,doors,usi-interior-exterior-pvc,door,Usa exterior nuc geam ornamental mic 87x202 cm cu prag aluminiu,87,202,1390,,3,60,Nuc,1.51,in,images/e3fc0fa63c.jpg~right
usa-exterior-nuc-geam-ornamental-mic-77x202-cm-cu-prag-aluminiu,doors,usi-interior-exterior-pvc,door,Usa exterior nuc geam ornamental mic 77x202 cm cu prag aluminiu,77,202,1395,,3,60,Nuc,1.53,in,images/434c8a2cf2.jpg~right
usa-exterior-din-pvc-cu-geam-termopan-pentru-terasa-osciloculisanta-5-camere-stanga-alb-160-x-210-cm,doors,usi-osciloculisante,door,"Usa exterior din PVC cu geam termopan, pentru terasa, osciloculisanta, 5 camere, stanga, alb, 160 x 210 cm",160,210,2365,TROCAL,5,70,Alb,1.55,in,images/69a79e9e38.jpg~right
usa-exterior-din-pvc-cu-geam-termopan-pentru-terasa-osciloculisanta-5-camere-dreapta-alb-160-x-210-cm,doors,usi-osciloculisante,door,"Usa exterior din PVC cu geam termopan, pentru terasa, osciloculisanta, 5 camere, dreapta, alb, 160 x 210 cm",160,210,2365,TROCAL,5,70,Alb,1.55,in,images/40dce348b4.jpg~right
usa-exterior-din-pvc-cu-geam-termopan-pentru-terasa-osciloculisanta-5-camere-stanga-alb-180-x-210-cm,doors,usi-osciloculisante,door,"Usa exterior din PVC cu geam termopan, pentru terasa, osciloculisanta, 5 camere, stanga, alb, 180 x 210 cm",180,210,2490,TROCAL,5,70,Alb,1.55,in,images/e7bd21470a.jpg~right
usa-exterior-din-pvc-cu-geam-termopan-pentru-terasa-osciloculisanta-5-camere-dreapta-alb-180-x-210-cm,doors,usi-osciloculisante,door,"Usa exterior din PVC cu geam termopan, pentru terasa, osciloculisanta, 5 camere, dreapta, alb, 180 x 210 cm",180,210,2490,TROCAL,5,70,Alb,1.55,in,images/1260c98dbb.jpg~right
usa-exterior-din-pvc-cu-geam-termopan-pentru-terasa-osciloculisanta-5-camere-stanga-alb-200-x-210-cm,doors,usi-osciloculisante,door,"Usa exterior din PVC cu geam termopan, pentru terasa, osciloculisanta, 5 camere, stanga, alb, 200 x 210 cm",200,210,2680,TROCAL,5,70,Alb,1.55,in,images/119e65d48a.jpg~right
usa-exterior-din-pvc-cu-geam-termopan-pentru-terasa-osciloculisanta-5-camere-dreapta-alb-200-x-210-cm,doors,usi-osciloculisante,door,"Usa exterior din PVC cu geam termopan, pentru terasa, osciloculisanta, 5 camere, dreapta, alb, 200 x 210 cm",200,210,2680,TROCAL,5,70,Alb,1.55,in,images/40b147acd4.jpg~right
